id,Left_Cluster,Child_Cluster,Married_Cluster,CombT
1,4,3,2,4+3+2
2,1,3,3,1+3+3
3,2,2,3,2+2+3
4,2,1,4,2+1+4
5,2,2,3,2+2+3
6,3,1,4,3+1+4
7,3,1,2,3+1+2
8,2,2,3,2+2+3
9,6,3,3,6+3+3
10,1,3,2,1+3+2
11,4,1,2,4+1+2
12,3,1,4,3+1+4
13,2,3,2,2+3+2
14,2,4,1,2+4+1
15,5,1,4,5+1+4
16,5,5,4,5+5+4
17,3,1,4,3+1+4
18,3,1,4,3+1+4
19,6,1,3,6+1+3
20,2,5,2,2+5+2
21,4,5,2,4+5+2
22,2,4,1,2+4+1
23,4,3,2,4+3+2
24,1,4,1,1+4+1
25,2,4,1,2+4+1
26,2,5,1,2+5+1
27,1,4,1,1+4+1
28,3,1,4,3+1+4
29,2,2,3,2+2+3
30,2,4,1,2+4+1
31,2,1,4,2+1+4
32,2,2,3,2+2+3
33,2,1,2,2+1+2
34,3,1,4,3+1+4
35,4,1,2,4+1+2
36,2,5,2,2+5+2
37,6,2,3,6+2+3
38,5,2,4,5+2+4
39,4,3,2,4+3+2
40,6,3,3,6+3+3
41,6,3,2,6+3+2
42,3,1,4,3+1+4
43,2,4,1,2+4+1
44,3,1,4,3+1+4
45,1,1,4,1+1+4
46,1,1,1,1+1+1
47,2,1,3,2+1+3
48,4,2,4,4+2+4
49,3,1,4,3+1+4
50,1,3,2,1+3+2
51,2,5,2,2+5+2
52,2,3,2,2+3+2
53,2,5,2,2+5+2
54,2,2,3,2+2+3
55,3,1,4,3+1+4
56,2,3,2,2+3+2
57,1,5,2,1+5+2
58,2,2,2,2+2+2
59,3,1,4,3+1+4
60,3,1,4,3+1+4
61,2,3,2,2+3+2
62,2,5,2,2+5+2
63,6,3,3,6+3+3
64,6,2,3,6+2+3
65,3,2,4,3+2+4
66,6,2,3,6+2+3
67,6,3,3,6+3+3
68,4,2,2,4+2+2
69,2,3,2,2+3+2
70,2,5,2,2+5+2
71,3,1,1,3+1+1
72,6,2,2,6+2+2
73,4,1,4,4+1+4
74,4,1,3,4+1+3
75,2,4,1,2+4+1
76,6,1,4,6+1+4
77,2,1,2,2+1+2
78,2,1,2,2+1+2
79,2,1,4,2+1+4
80,3,1,2,3+1+2
81,3,1,4,3+1+4
82,2,1,4,2+1+4
83,6,1,4,6+1+4
84,4,3,3,4+3+3
85,2,1,4,2+1+4
86,2,1,4,2+1+4
87,2,2,3,2+2+3
88,2,5,2,2+5+2
89,3,1,2,3+1+2
90,3,1,2,3+1+2
91,5,1,4,5+1+4
92,1,3,2,1+3+2
93,4,3,2,4+3+2
94,6,3,3,6+3+3
95,6,2,3,6+2+3
96,3,1,2,3+1+2
97,2,3,2,2+3+2
98,5,5,4,5+5+4
99,2,1,4,2+1+4
100,4,5,2,4+5+2
101,2,2,2,2+2+2
102,2,4,1,2+4+1
103,2,1,3,2+1+3
104,1,1,4,1+1+4
105,4,1,4,4+1+4
106,3,1,4,3+1+4
107,4,2,3,4+2+3
108,3,1,1,3+1+1
109,4,1,3,4+1+3
110,6,2,3,6+2+3
111,2,2,3,2+2+3
112,3,1,1,3+1+1
113,4,3,3,4+3+3
114,6,2,3,6+2+3
115,2,3,2,2+3+2
116,4,2,2,4+2+2
117,2,4,1,2+4+1
118,4,1,4,4+1+4
119,6,1,4,6+1+4
120,2,4,1,2+4+1
121,2,1,1,2+1+1
122,6,3,3,6+3+3
123,2,2,3,2+2+3
124,6,1,3,6+1+3
125,4,3,2,4+3+2
126,4,3,2,4+3+2
127,2,3,1,2+3+1
128,3,1,4,3+1+4
129,2,3,2,2+3+2
130,3,1,4,3+1+4
131,3,1,2,3+1+2
132,2,3,2,2+3+2
133,4,3,2,4+3+2
134,3,1,2,3+1+2
135,2,1,2,2+1+2
136,1,2,2,1+2+2
137,2,3,2,2+3+2
138,2,5,2,2+5+2
139,6,1,3,6+1+3
140,4,1,2,4+1+2
141,3,1,4,3+1+4
142,6,3,3,6+3+3
143,3,1,4,3+1+4
144,2,5,2,2+5+2
145,3,1,4,3+1+4
146,3,1,4,3+1+4
147,2,3,2,2+3+2
148,3,1,4,3+1+4
149,6,1,3,6+1+3
150,3,1,2,3+1+2
151,2,3,2,2+3+2
152,3,1,4,3+1+4
153,2,1,4,2+1+4
154,6,1,3,6+1+3
155,2,1,4,2+1+4
156,1,1,3,1+1+3
157,6,1,3,6+1+3
158,5,1,4,5+1+4
159,2,1,3,2+1+3
160,6,3,3,6+3+3
161,4,1,3,4+1+3
162,2,2,3,2+2+3
163,2,5,2,2+5+2
164,2,3,2,2+3+2
165,2,3,2,2+3+2
166,1,4,1,1+4+1
167,2,4,1,2+4+1
168,3,1,4,3+1+4
169,2,1,2,2+1+2
170,2,1,4,2+1+4
171,2,5,2,2+5+2
172,6,3,3,6+3+3
173,3,1,4,3+1+4
174,1,3,2,1+3+2
175,2,5,2,2+5+2
176,5,1,2,5+1+2
177,4,3,2,4+3+2
178,1,4,1,1+4+1
179,1,1,4,1+1+4
180,3,1,1,3+1+1
181,1,1,4,1+1+4
182,6,3,2,6+3+2
183,2,1,4,2+1+4
184,2,1,1,2+1+1
185,3,1,3,3+1+3
186,4,1,2,4+1+2
187,4,1,4,4+1+4
188,1,5,1,1+5+1
189,3,1,4,3+1+4
190,6,2,4,6+2+4
191,2,3,2,2+3+2
192,4,1,2,4+1+2
193,2,1,4,2+1+4
194,3,1,2,3+1+2
195,2,3,2,2+3+2
196,6,3,2,6+3+2
197,4,2,3,4+2+3
198,2,1,2,2+1+2
199,1,5,2,1+5+2
200,2,2,3,2+2+3
201,3,1,1,3+1+1
202,3,1,1,3+1+1
203,3,1,2,3+1+2
204,1,1,4,1+1+4
205,2,3,3,2+3+3
206,2,1,2,2+1+2
207,2,3,2,2+3+2
208,4,2,2,4+2+2
209,1,3,3,1+3+3
210,2,4,1,2+4+1
211,6,2,3,6+2+3
212,2,3,2,2+3+2
213,3,1,4,3+1+4
214,4,1,2,4+1+2
215,2,1,2,2+1+2
216,2,4,4,2+4+4
217,2,2,3,2+2+3
218,2,1,4,2+1+4
219,1,1,4,1+1+4
220,2,1,4,2+1+4
221,6,1,4,6+1+4
222,2,1,3,2+1+3
223,6,1,2,6+1+2
224,2,1,2,2+1+2
225,4,1,2,4+1+2
226,3,2,4,3+2+4
227,2,3,2,2+3+2
228,3,1,4,3+1+4
229,2,2,3,2+2+3
230,2,3,2,2+3+2
231,6,2,3,6+2+3
232,6,2,3,6+2+3
233,3,1,4,3+1+4
234,2,1,4,2+1+4
235,3,1,4,3+1+4
236,3,1,4,3+1+4
237,2,1,4,2+1+4
238,3,1,4,3+1+4
239,3,2,4,3+2+4
240,2,5,2,2+5+2
241,6,1,3,6+1+3
242,2,1,2,2+1+2
243,4,2,2,4+2+2
244,5,5,4,5+5+4
245,6,2,3,6+2+3
246,3,1,4,3+1+4
247,2,1,4,2+1+4
248,2,1,2,2+1+2
249,3,1,4,3+1+4
250,6,1,3,6+1+3
251,2,1,4,2+1+4
252,2,2,3,2+2+3
253,4,5,4,4+5+4
254,4,1,2,4+1+2
255,3,1,3,3+1+3
256,4,2,2,4+2+2
257,4,1,2,4+1+2
258,3,1,1,3+1+1
259,2,1,1,2+1+1
260,3,1,3,3+1+3
261,2,5,2,2+5+2
262,3,1,4,3+1+4
263,2,3,2,2+3+2
264,3,1,4,3+1+4
265,6,3,2,6+3+2
266,4,1,2,4+1+2
267,2,1,4,2+1+4
268,2,2,3,2+2+3
269,3,1,3,3+1+3
270,2,5,2,2+5+2
271,2,2,2,2+2+2
272,6,1,4,6+1+4
273,1,1,4,1+1+4
274,2,1,3,2+1+3
275,1,5,4,1+5+4
276,4,3,2,4+3+2
277,1,1,3,1+1+3
278,1,1,2,1+1+2
279,2,5,1,2+5+1
280,6,3,3,6+3+3
281,2,1,4,2+1+4
282,1,1,4,1+1+4
283,6,2,3,6+2+3
284,4,3,2,4+3+2
285,4,2,4,4+2+4
286,2,1,4,2+1+4
287,2,4,1,2+4+1
288,2,1,4,2+1+4
289,6,2,3,6+2+3
290,6,3,2,6+3+2
291,6,1,2,6+1+2
292,4,3,2,4+3+2
293,4,3,2,4+3+2
294,4,3,2,4+3+2
295,4,5,2,4+5+2
296,3,1,3,3+1+3
297,6,1,4,6+1+4
298,3,1,1,3+1+1
299,3,1,4,3+1+4
300,6,1,3,6+1+3
301,6,1,4,6+1+4
302,2,1,4,2+1+4
303,4,1,2,4+1+2
304,2,2,3,2+2+3
305,2,1,4,2+1+4
306,2,3,2,2+3+2
307,2,3,2,2+3+2
308,3,1,2,3+1+2
309,2,1,2,2+1+2
310,2,1,4,2+1+4
311,3,1,2,3+1+2
312,3,1,4,3+1+4
313,3,1,3,3+1+3
314,6,2,3,6+2+3
315,2,1,4,2+1+4
316,4,1,2,4+1+2
317,1,3,2,1+3+2
318,6,1,3,6+1+3
319,4,3,2,4+3+2
320,1,1,4,1+1+4
321,2,4,1,2+4+1
322,3,1,2,3+1+2
323,6,2,3,6+2+3
324,3,1,4,3+1+4
325,6,1,4,6+1+4
326,1,1,4,1+1+4
327,6,1,2,6+1+2
328,4,3,2,4+3+2
329,4,3,2,4+3+2
330,2,1,4,2+1+4
331,4,2,3,4+2+3
332,3,1,2,3+1+2
333,2,5,2,2+5+2
334,2,1,4,2+1+4
335,2,5,2,2+5+2
336,2,3,2,2+3+2
337,6,3,3,6+3+3
338,3,1,4,3+1+4
339,2,2,3,2+2+3
340,3,1,4,3+1+4
341,2,4,1,2+4+1
342,3,1,1,3+1+1
343,4,1,4,4+1+4
344,1,1,4,1+1+4
345,1,1,4,1+1+4
346,1,3,2,1+3+2
347,3,1,4,3+1+4
348,1,3,1,1+3+1
349,2,1,1,2+1+1
350,2,1,1,2+1+1
351,2,1,3,2+1+3
352,4,3,4,4+3+4
353,6,3,2,6+3+2
354,3,1,4,3+1+4
355,6,2,2,6+2+2
356,2,1,4,2+1+4
357,1,1,4,1+1+4
358,1,1,4,1+1+4
359,1,3,2,1+3+2
360,2,5,2,2+5+2
361,2,2,3,2+2+3
362,2,4,4,2+4+4
363,1,1,4,1+1+4
364,1,3,2,1+3+2
365,3,1,2,3+1+2
366,2,3,2,2+3+2
367,3,1,2,3+1+2
368,6,1,3,6+1+3
369,1,1,4,1+1+4
370,2,4,1,2+4+1
371,2,3,3,2+3+3
372,3,1,2,3+1+2
373,2,1,1,2+1+1
374,4,3,2,4+3+2
375,1,3,3,1+3+3
376,3,2,4,3+2+4
377,2,1,4,2+1+4
378,2,2,3,2+2+3
379,2,3,2,2+3+2
380,2,3,2,2+3+2
381,3,1,4,3+1+4
382,2,1,4,2+1+4
383,6,3,2,6+3+2
384,4,2,2,4+2+2
385,4,1,2,4+1+2
386,3,1,2,3+1+2
387,4,1,4,4+1+4
388,3,1,2,3+1+2
389,3,1,4,3+1+4
390,1,1,4,1+1+4
391,3,1,4,3+1+4
392,6,3,2,6+3+2
393,3,1,4,3+1+4
394,2,4,1,2+4+1
395,3,1,4,3+1+4
396,4,1,4,4+1+4
397,6,1,4,6+1+4
398,4,1,4,4+1+4
399,6,3,3,6+3+3
400,6,1,4,6+1+4
401,3,1,4,3+1+4
402,3,1,2,3+1+2
403,4,1,2,4+1+2
404,4,3,3,4+3+3
405,6,1,4,6+1+4
406,3,1,4,3+1+4
407,6,2,3,6+2+3
408,1,3,3,1+3+3
409,2,1,4,2+1+4
410,2,1,3,2+1+3
411,6,2,3,6+2+3
412,2,1,1,2+1+1
413,3,1,3,3+1+3
414,1,1,4,1+1+4
415,2,1,1,2+1+1
416,1,1,4,1+1+4
417,2,4,1,2+4+1
418,6,1,3,6+1+3
419,4,1,4,4+1+4
420,2,5,2,2+5+2
421,6,2,3,6+2+3
422,4,3,2,4+3+2
423,2,4,1,2+4+1
424,2,3,3,2+3+3
425,2,2,3,2+2+3
426,2,1,3,2+1+3
427,1,1,4,1+1+4
428,2,4,1,2+4+1
429,2,5,1,2+5+1
430,3,1,4,3+1+4
431,5,1,2,5+1+2
432,6,1,4,6+1+4
433,2,1,2,2+1+2
434,6,1,4,6+1+4
435,2,1,4,2+1+4
436,6,1,4,6+1+4
437,5,1,4,5+1+4
438,4,2,2,4+2+2
439,3,1,4,3+1+4
440,3,1,4,3+1+4
441,2,5,1,2+5+1
442,2,3,2,2+3+2
443,1,1,4,1+1+4
444,6,1,3,6+1+3
445,4,3,2,4+3+2
446,2,3,2,2+3+2
447,1,3,2,1+3+2
448,3,1,4,3+1+4
449,6,1,4,6+1+4
450,1,2,4,1+2+4
451,2,2,4,2+2+4
452,3,1,2,3+1+2
453,6,1,3,6+1+3
454,1,1,3,1+1+3
455,2,2,4,2+2+4
456,2,4,1,2+4+1
457,2,4,1,2+4+1
458,2,2,3,2+2+3
459,3,1,3,3+1+3
460,4,3,2,4+3+2
461,4,3,2,4+3+2
462,2,1,4,2+1+4
463,6,3,4,6+3+4
464,4,1,4,4+1+4
465,2,1,4,2+1+4
466,4,1,2,4+1+2
467,2,1,4,2+1+4
468,2,1,4,2+1+4
469,4,3,2,4+3+2
470,2,3,2,2+3+2
471,1,4,1,1+4+1
472,2,5,2,2+5+2
473,3,1,3,3+1+3
474,4,1,4,4+1+4
475,6,1,4,6+1+4
476,6,1,4,6+1+4
477,3,1,4,3+1+4
478,3,1,2,3+1+2
479,2,3,2,2+3+2
480,3,1,4,3+1+4
481,6,1,2,6+1+2
482,6,2,3,6+2+3
483,2,1,3,2+1+3
484,4,1,4,4+1+4
485,6,3,2,6+3+2
486,2,2,3,2+2+3
487,3,1,4,3+1+4
488,1,3,2,1+3+2
489,2,3,3,2+3+3
490,2,5,2,2+5+2
491,3,1,2,3+1+2
492,6,1,3,6+1+3
493,2,1,3,2+1+3
494,3,1,4,3+1+4
495,2,1,4,2+1+4
496,2,1,1,2+1+1
497,3,1,4,3+1+4
498,3,1,4,3+1+4
499,2,1,1,2+1+1
500,3,1,1,3+1+1
501,1,1,3,1+1+3
502,4,1,2,4+1+2
503,2,4,1,2+4+1
504,2,3,3,2+3+3
505,4,5,4,4+5+4
506,6,1,3,6+1+3
507,2,3,2,2+3+2
508,2,4,1,2+4+1
509,3,1,2,3+1+2
510,3,1,2,3+1+2
511,6,3,2,6+3+2
512,3,1,2,3+1+2
513,2,1,3,2+1+3
514,4,1,2,4+1+2
515,3,1,2,3+1+2
516,2,3,3,2+3+3
517,3,1,2,3+1+2
518,4,2,2,4+2+2
519,2,1,4,2+1+4
520,3,1,3,3+1+3
521,3,1,4,3+1+4
522,6,2,3,6+2+3
523,1,5,2,1+5+2
524,2,3,1,2+3+1
525,6,2,3,6+2+3
526,4,2,2,4+2+2
527,2,1,4,2+1+4
528,6,1,3,6+1+3
529,3,1,1,3+1+1
530,2,5,1,2+5+1
531,3,1,4,3+1+4
532,6,2,3,6+2+3
533,2,2,3,2+2+3
534,3,1,4,3+1+4
535,3,1,3,3+1+3
536,3,1,4,3+1+4
537,3,1,4,3+1+4
538,3,1,4,3+1+4
539,2,1,3,2+1+3
540,2,1,3,2+1+3
541,2,5,2,2+5+2
542,4,3,2,4+3+2
543,1,1,1,1+1+1
544,2,5,2,2+5+2
545,3,1,4,3+1+4
546,2,1,4,2+1+4
547,5,1,4,5+1+4
548,6,2,3,6+2+3
549,1,1,3,1+1+3
550,6,1,4,6+1+4
551,2,1,4,2+1+4
552,1,3,4,1+3+4
553,3,1,4,3+1+4
554,4,1,2,4+1+2
555,2,5,2,2+5+2
556,2,1,3,2+1+3
557,1,3,2,1+3+2
558,2,5,1,2+5+1
559,6,3,3,6+3+3
560,2,2,2,2+2+2
561,4,1,3,4+1+3
562,2,1,4,2+1+4
563,1,5,2,1+5+2
564,4,2,3,4+2+3
565,6,3,3,6+3+3
566,1,1,2,1+1+2
567,6,1,2,6+1+2
568,2,2,3,2+2+3
569,2,1,1,2+1+1
570,2,5,1,2+5+1
571,6,1,4,6+1+4
572,6,1,3,6+1+3
573,2,4,1,2+4+1
574,6,3,3,6+3+3
575,2,1,4,2+1+4
576,1,1,4,1+1+4
577,3,1,2,3+1+2
578,2,1,4,2+1+4
579,4,3,3,4+3+3
580,3,1,1,3+1+1
581,3,1,4,3+1+4
582,4,1,2,4+1+2
583,2,2,3,2+2+3
584,3,1,4,3+1+4
585,2,1,4,2+1+4
586,2,5,2,2+5+2
587,3,1,4,3+1+4
588,4,3,2,4+3+2
589,2,1,2,2+1+2
590,2,1,4,2+1+4
591,1,5,1,1+5+1
592,1,2,3,1+2+3
593,3,1,4,3+1+4
594,2,3,1,2+3+1
595,2,5,1,2+5+1
596,1,5,2,1+5+2
597,6,2,4,6+2+4
598,2,4,1,2+4+1
599,6,2,3,6+2+3
600,6,2,3,6+2+3
601,6,2,3,6+2+3
602,1,1,4,1+1+4
603,4,1,2,4+1+2
604,3,1,4,3+1+4
605,4,1,4,4+1+4
606,2,2,3,2+2+3
607,6,1,2,6+1+2
608,3,1,2,3+1+2
609,5,5,2,5+5+2
610,2,1,4,2+1+4
611,2,1,3,2+1+3
612,5,5,2,5+5+2
613,6,2,3,6+2+3
614,4,1,4,4+1+4
615,6,3,2,6+3+2
616,4,2,3,4+2+3
617,1,4,1,1+4+1
618,2,1,4,2+1+4
619,2,1,3,2+1+3
620,6,3,2,6+3+2
621,3,1,4,3+1+4
622,6,3,3,6+3+3
623,2,1,2,2+1+2
624,2,5,1,2+5+1
625,2,3,2,2+3+2
626,6,1,3,6+1+3
627,6,3,2,6+3+2
628,3,1,4,3+1+4
629,4,2,4,4+2+4
630,2,3,2,2+3+2
631,1,2,3,1+2+3
632,2,3,3,2+3+3
633,1,5,3,1+5+3
634,3,1,1,3+1+1
635,3,1,1,3+1+1
636,6,3,2,6+3+2
637,6,2,3,6+2+3
638,4,2,4,4+2+4
639,6,2,3,6+2+3
640,2,4,1,2+4+1
641,2,2,1,2+2+1
642,1,3,2,1+3+2
643,2,1,3,2+1+3
644,6,3,3,6+3+3
645,3,1,2,3+1+2
646,2,2,3,2+2+3
647,3,1,2,3+1+2
648,3,1,4,3+1+4
649,4,2,2,4+2+2
650,2,5,2,2+5+2
651,3,1,4,3+1+4
652,3,1,4,3+1+4
653,2,2,2,2+2+2
654,2,5,2,2+5+2
655,4,2,3,4+2+3
656,3,1,4,3+1+4
657,4,3,4,4+3+4
658,2,5,2,2+5+2
659,4,1,2,4+1+2
660,2,1,1,2+1+1
661,2,2,4,2+2+4
662,4,3,2,4+3+2
663,2,3,2,2+3+2
664,3,1,4,3+1+4
665,6,3,3,6+3+3
666,6,1,2,6+1+2
667,1,4,1,1+4+1
668,3,1,2,3+1+2
669,6,2,3,6+2+3
670,3,1,4,3+1+4
671,4,1,2,4+1+2
672,2,3,2,2+3+2
673,2,1,4,2+1+4
674,5,1,4,5+1+4
675,1,2,3,1+2+3
676,2,1,4,2+1+4
677,2,1,2,2+1+2
678,2,1,3,2+1+3
679,2,2,3,2+2+3
680,6,3,2,6+3+2
681,2,1,2,2+1+2
682,1,1,4,1+1+4
683,4,5,2,4+5+2
684,6,2,4,6+2+4
685,2,3,2,2+3+2
686,2,2,2,2+2+2
687,2,3,2,2+3+2
688,1,5,2,1+5+2
689,6,3,3,6+3+3
690,6,2,3,6+2+3
691,3,2,4,3+2+4
692,3,1,4,3+1+4
693,4,3,2,4+3+2
694,6,1,4,6+1+4
695,2,1,2,2+1+2
696,3,1,4,3+1+4
697,2,5,1,2+5+1
698,2,1,4,2+1+4
699,6,1,3,6+1+3
700,1,4,1,1+4+1
701,6,1,3,6+1+3
702,6,1,2,6+1+2
703,2,4,1,2+4+1
704,2,5,2,2+5+2
705,5,5,4,5+5+4
706,2,2,4,2+2+4
707,6,1,2,6+1+2
708,2,2,2,2+2+2
709,6,2,2,6+2+2
710,2,1,4,2+1+4
711,2,1,4,2+1+4
712,6,1,2,6+1+2
713,3,1,4,3+1+4
714,3,1,2,3+1+2
715,6,3,2,6+3+2
716,2,1,4,2+1+4
717,6,1,2,6+1+2
718,2,3,2,2+3+2
719,3,1,4,3+1+4
720,6,2,3,6+2+3
721,2,2,3,2+2+3
722,2,2,2,2+2+2
723,5,5,4,5+5+4
724,6,3,2,6+3+2
725,6,3,2,6+3+2
726,6,2,3,6+2+3
727,6,2,3,6+2+3
728,2,4,1,2+4+1
729,2,1,2,2+1+2
730,2,5,2,2+5+2
731,2,2,4,2+2+4
732,3,1,4,3+1+4
733,2,5,1,2+5+1
734,2,1,4,2+1+4
735,2,1,2,2+1+2
736,2,1,4,2+1+4
737,2,1,4,2+1+4
738,2,1,4,2+1+4
739,6,3,3,6+3+3
740,4,3,2,4+3+2
741,1,4,1,1+4+1
742,3,1,2,3+1+2
743,4,1,2,4+1+2
744,4,1,2,4+1+2
745,3,1,3,3+1+3
746,3,1,2,3+1+2
747,2,4,1,2+4+1
748,6,2,3,6+2+3
749,6,1,3,6+1+3
750,2,4,1,2+4+1
751,3,1,3,3+1+3
752,3,1,4,3+1+4
753,2,1,2,2+1+2
754,2,3,2,2+3+2
755,4,1,2,4+1+2
756,2,2,2,2+2+2
757,6,1,2,6+1+2
758,3,1,2,3+1+2
759,3,1,4,3+1+4
760,2,3,3,2+3+3
761,3,1,2,3+1+2
762,2,2,3,2+2+3
763,3,1,4,3+1+4
764,3,1,2,3+1+2
765,6,2,3,6+2+3
766,6,1,3,6+1+3
767,4,3,2,4+3+2
768,2,1,4,2+1+4
769,4,2,2,4+2+2
770,4,3,2,4+3+2
771,2,1,4,2+1+4
772,3,1,1,3+1+1
773,3,1,4,3+1+4
774,3,2,1,3+2+1
775,2,1,3,2+1+3
776,1,5,1,1+5+1
777,2,4,1,2+4+1
778,1,1,3,1+1+3
779,3,1,3,3+1+3
780,2,1,4,2+1+4
781,1,5,2,1+5+2
782,6,3,2,6+3+2
783,3,1,1,3+1+1
784,2,1,4,2+1+4
785,2,1,2,2+1+2
786,3,1,4,3+1+4
787,1,4,1,1+4+1
788,3,1,4,3+1+4
789,1,1,4,1+1+4
790,3,1,4,3+1+4
791,4,1,2,4+1+2
792,2,1,4,2+1+4
793,2,1,4,2+1+4
794,3,1,3,3+1+3
795,1,3,3,1+3+3
796,6,2,3,6+2+3
797,6,3,2,6+3+2
798,2,1,3,2+1+3
799,2,1,2,2+1+2
800,2,4,1,2+4+1
801,2,5,2,2+5+2
802,1,1,4,1+1+4
803,2,1,4,2+1+4
804,2,1,4,2+1+4
805,4,3,2,4+3+2
806,2,2,3,2+2+3
807,6,2,4,6+2+4
808,3,1,4,3+1+4
809,3,1,3,3+1+3
810,3,1,4,3+1+4
811,1,3,2,1+3+2
812,1,2,3,1+2+3
813,3,1,1,3+1+1
814,6,1,3,6+1+3
815,2,5,1,2+5+1
816,2,1,4,2+1+4
817,5,1,4,5+1+4
818,3,1,4,3+1+4
819,6,2,3,6+2+3
820,4,1,2,4+1+2
821,6,2,3,6+2+3
822,2,1,3,2+1+3
823,4,5,2,4+5+2
824,2,4,1,2+4+1
825,1,1,4,1+1+4
826,2,1,4,2+1+4
827,2,5,1,2+5+1
828,1,1,4,1+1+4
829,2,1,4,2+1+4
830,2,1,2,2+1+2
831,4,2,2,4+2+2
832,2,1,1,2+1+1
833,2,1,4,2+1+4
834,2,1,3,2+1+3
835,3,1,4,3+1+4
836,2,1,4,2+1+4
837,6,2,3,6+2+3
838,6,3,2,6+3+2
839,5,5,4,5+5+4
840,1,1,2,1+1+2
841,3,1,2,3+1+2
842,1,1,4,1+1+4
843,2,4,1,2+4+1
844,1,2,3,1+2+3
845,2,1,4,2+1+4
846,3,1,4,3+1+4
847,1,2,3,1+2+3
848,6,1,3,6+1+3
849,4,3,2,4+3+2
850,1,5,1,1+5+1
851,6,1,2,6+1+2
852,2,5,1,2+5+1
853,4,5,2,4+5+2
854,3,1,3,3+1+3
855,2,1,2,2+1+2
856,6,2,3,6+2+3
857,6,2,3,6+2+3
858,2,1,4,2+1+4
859,2,5,2,2+5+2
860,2,3,3,2+3+3
861,6,3,2,6+3+2
862,6,3,2,6+3+2
863,2,1,4,2+1+4
864,3,2,4,3+2+4
865,2,5,2,2+5+2
866,1,3,2,1+3+2
867,1,1,4,1+1+4
868,2,1,4,2+1+4
869,2,1,1,2+1+1
870,1,1,4,1+1+4
871,6,3,3,6+3+3
872,1,1,4,1+1+4
873,6,1,2,6+1+2
874,6,1,4,6+1+4
875,4,3,2,4+3+2
876,3,1,2,3+1+2
877,3,1,4,3+1+4
878,4,1,4,4+1+4
879,6,1,4,6+1+4
880,3,1,1,3+1+1
881,3,1,4,3+1+4
882,6,2,3,6+2+3
883,1,5,1,1+5+1
884,4,5,2,4+5+2
885,2,5,1,2+5+1
886,4,2,4,4+2+4
887,4,3,2,4+3+2
888,6,1,4,6+1+4
889,2,3,2,2+3+2
890,2,2,3,2+2+3
891,1,1,4,1+1+4
892,2,1,2,2+1+2
893,2,5,2,2+5+2
894,3,1,2,3+1+2
895,3,1,2,3+1+2
896,6,1,2,6+1+2
897,3,2,4,3+2+4
898,2,2,2,2+2+2
899,2,1,3,2+1+3
900,2,3,2,2+3+2
901,1,5,2,1+5+2
902,4,3,3,4+3+3
903,3,1,4,3+1+4
904,1,5,2,1+5+2
905,2,1,4,2+1+4
906,2,5,2,2+5+2
907,2,2,3,2+2+3
908,2,2,3,2+2+3
909,2,1,4,2+1+4
910,3,1,2,3+1+2
911,2,3,2,2+3+2
912,6,2,3,6+2+3
913,4,3,2,4+3+2
914,2,1,4,2+1+4
915,3,1,3,3+1+3
916,2,1,4,2+1+4
917,4,1,4,4+1+4
918,3,1,2,3+1+2
919,4,3,2,4+3+2
920,3,1,2,3+1+2
921,3,1,2,3+1+2
922,3,1,3,3+1+3
923,6,1,4,6+1+4
924,2,1,2,2+1+2
925,3,1,4,3+1+4
926,1,1,2,1+1+2
927,6,2,4,6+2+4
928,2,1,4,2+1+4
929,6,1,3,6+1+3
930,2,3,3,2+3+3
931,4,3,2,4+3+2
932,2,2,1,2+2+1
933,6,3,2,6+3+2
934,4,1,2,4+1+2
935,2,1,2,2+1+2
936,3,1,3,3+1+3
937,2,5,2,2+5+2
938,2,3,2,2+3+2
939,4,3,2,4+3+2
940,2,1,4,2+1+4
941,6,3,3,6+3+3
942,2,5,2,2+5+2
943,2,4,1,2+4+1
944,5,1,4,5+1+4
945,5,1,4,5+1+4
946,3,1,4,3+1+4
947,3,1,2,3+1+2
948,3,1,4,3+1+4
949,2,1,2,2+1+2
950,1,1,4,1+1+4
951,1,2,4,1+2+4
952,2,3,2,2+3+2
953,1,5,1,1+5+1
954,2,3,3,2+3+3
955,3,1,4,3+1+4
956,6,1,4,6+1+4
957,3,1,2,3+1+2
958,4,1,4,4+1+4
959,6,1,4,6+1+4
960,2,1,2,2+1+2
961,2,2,2,2+2+2
962,4,3,2,4+3+2
963,3,1,4,3+1+4
964,2,1,3,2+1+3
965,3,1,4,3+1+4
966,1,2,3,1+2+3
967,6,2,3,6+2+3
968,3,1,4,3+1+4
969,3,1,4,3+1+4
970,3,1,4,3+1+4
971,3,1,4,3+1+4
972,1,4,1,1+4+1
973,4,1,3,4+1+3
974,1,3,2,1+3+2
975,3,1,1,3+1+1
976,3,1,4,3+1+4
977,1,1,4,1+1+4
978,1,3,2,1+3+2
979,2,1,4,2+1+4
980,2,3,2,2+3+2
981,2,3,2,2+3+2
982,4,1,3,4+1+3
983,1,3,2,1+3+2
984,4,3,4,4+3+4
985,2,5,2,2+5+2
986,1,1,2,1+1+2
987,2,2,2,2+2+2
988,5,1,4,5+1+4
989,4,1,4,4+1+4
990,5,1,4,5+1+4
991,2,1,4,2+1+4
992,1,1,4,1+1+4
993,4,2,2,4+2+2
994,2,3,2,2+3+2
995,4,3,2,4+3+2
996,2,1,4,2+1+4
997,3,1,3,3+1+3
998,3,2,2,3+2+2
999,4,1,2,4+1+2
1000,6,1,4,6+1+4
1001,2,2,3,2+2+3
1002,6,3,3,6+3+3
1003,2,5,2,2+5+2
1004,2,3,1,2+3+1
1005,3,1,2,3+1+2
1006,2,1,4,2+1+4
1007,3,1,4,3+1+4
1008,5,2,4,5+2+4
1009,6,2,3,6+2+3
1010,2,3,2,2+3+2
1011,6,2,3,6+2+3
1012,2,1,2,2+1+2
1013,6,3,3,6+3+3
1014,2,1,4,2+1+4
1015,2,1,1,2+1+1
1016,6,1,4,6+1+4
1017,6,1,4,6+1+4
1018,5,2,4,5+2+4
1019,6,1,3,6+1+3
1020,1,1,1,1+1+1
1021,4,5,2,4+5+2
1022,1,1,2,1+1+2
1023,4,3,2,4+3+2
1024,3,1,4,3+1+4
1025,3,1,4,3+1+4
1026,2,1,4,2+1+4
1027,6,2,2,6+2+2
1028,2,1,4,2+1+4
1029,2,3,2,2+3+2
1030,2,1,3,2+1+3
1031,1,3,2,1+3+2
1032,2,3,2,2+3+2
1033,6,1,4,6+1+4
1034,2,1,4,2+1+4
1035,3,1,4,3+1+4
1036,6,1,4,6+1+4
1037,3,1,2,3+1+2
1038,3,1,2,3+1+2
1039,2,1,4,2+1+4
1040,2,1,4,2+1+4
1041,3,1,4,3+1+4
1042,2,1,4,2+1+4
1043,2,1,2,2+1+2
1044,2,5,1,2+5+1
1045,3,1,1,3+1+1
1046,3,1,4,3+1+4
1047,1,1,4,1+1+4
1048,4,1,2,4+1+2
1049,3,1,4,3+1+4
1050,1,1,2,1+1+2
1051,4,3,2,4+3+2
1052,5,5,4,5+5+4
1053,6,1,4,6+1+4
1054,2,1,1,2+1+1
1055,2,2,2,2+2+2
1056,3,1,4,3+1+4
1057,6,3,2,6+3+2
1058,2,4,1,2+4+1
1059,3,1,4,3+1+4
1060,2,2,1,2+2+1
1061,6,3,2,6+3+2
1062,6,2,3,6+2+3
1063,3,1,4,3+1+4
1064,2,1,4,2+1+4
1065,3,1,4,3+1+4
1066,1,5,2,1+5+2
1067,1,1,2,1+1+2
1068,2,3,4,2+3+4
1069,6,2,3,6+2+3
1070,4,3,2,4+3+2
1071,2,1,4,2+1+4
1072,2,1,3,2+1+3
1073,2,1,2,2+1+2
1074,1,1,4,1+1+4
1075,4,3,4,4+3+4
1076,6,1,3,6+1+3
1077,1,1,2,1+1+2
1078,3,1,2,3+1+2
1079,6,2,3,6+2+3
1080,2,5,2,2+5+2
1081,4,1,4,4+1+4
1082,2,4,1,2+4+1
1083,6,1,3,6+1+3
1084,6,1,3,6+1+3
1085,2,4,1,2+4+1
1086,3,1,4,3+1+4
1087,4,3,2,4+3+2
1088,3,1,4,3+1+4
1089,4,3,2,4+3+2
1090,1,3,2,1+3+2
1091,4,1,2,4+1+2
1092,3,1,1,3+1+1
1093,3,1,3,3+1+3
1094,5,1,4,5+1+4
1095,2,1,1,2+1+1
1096,3,1,4,3+1+4
1097,3,1,4,3+1+4
1098,1,5,4,1+5+4
1099,1,1,4,1+1+4
1100,1,3,1,1+3+1
1101,2,1,1,2+1+1
1102,4,3,2,4+3+2
1103,6,3,3,6+3+3
1104,2,1,3,2+1+3
1105,3,1,2,3+1+2
1106,6,1,2,6+1+2
1107,4,5,2,4+5+2
1108,2,3,1,2+3+1
1109,2,1,2,2+1+2
1110,2,4,1,2+4+1
1111,2,1,2,2+1+2
1112,2,1,4,2+1+4
1113,3,1,2,3+1+2
1114,6,1,3,6+1+3
1115,2,1,4,2+1+4
1116,2,3,2,2+3+2
1117,4,3,2,4+3+2
1118,2,1,3,2+1+3
1119,3,1,1,3+1+1
1120,2,3,2,2+3+2
1121,4,1,2,4+1+2
1122,6,2,3,6+2+3
1123,3,1,3,3+1+3
1124,6,3,2,6+3+2
1125,2,5,1,2+5+1
1126,6,1,2,6+1+2
1127,4,3,2,4+3+2
1128,1,1,4,1+1+4
1129,4,5,2,4+5+2
1130,3,1,1,3+1+1
1131,1,3,3,1+3+3
1132,6,1,2,6+1+2
1133,3,1,4,3+1+4
1134,6,1,2,6+1+2
1135,3,2,4,3+2+4
1136,1,1,4,1+1+4
1137,2,1,4,2+1+4
1138,3,1,4,3+1+4
1139,1,3,2,1+3+2
1140,1,1,4,1+1+4
1141,3,1,4,3+1+4
1142,4,2,3,4+2+3
1143,6,2,3,6+2+3
1144,6,3,4,6+3+4
1145,3,1,2,3+1+2
1146,3,1,4,3+1+4
1147,6,2,3,6+2+3
1148,4,3,2,4+3+2
1149,6,1,4,6+1+4
1150,2,1,3,2+1+3
1151,6,1,3,6+1+3
1152,6,2,3,6+2+3
1153,2,4,1,2+4+1
1154,3,1,4,3+1+4
1155,2,2,4,2+2+4
1156,6,1,4,6+1+4
1157,2,1,4,2+1+4
1158,4,1,4,4+1+4
1159,5,5,4,5+5+4
1160,6,2,2,6+2+2
1161,1,1,1,1+1+1
1162,5,1,4,5+1+4
1163,6,2,3,6+2+3
1164,2,3,4,2+3+4
1165,2,1,3,2+1+3
1166,2,5,2,2+5+2
1167,2,2,3,2+2+3
1168,6,3,3,6+3+3
1169,3,1,4,3+1+4
1170,2,4,1,2+4+1
1171,2,3,1,2+3+1
1172,4,5,2,4+5+2
1173,3,1,2,3+1+2
1174,4,1,4,4+1+4
1175,6,2,3,6+2+3
1176,1,1,2,1+1+2
1177,2,1,2,2+1+2
1178,3,1,4,3+1+4
1179,3,1,4,3+1+4
1180,2,5,2,2+5+2
1181,1,3,2,1+3+2
1182,3,1,4,3+1+4
1183,6,2,3,6+2+3
1184,1,4,1,1+4+1
1185,2,5,2,2+5+2
1186,2,1,4,2+1+4
1187,4,1,4,4+1+4
1188,4,3,2,4+3+2
1189,3,1,4,3+1+4
1190,2,1,4,2+1+4
1191,2,3,2,2+3+2
1192,3,1,4,3+1+4
1193,6,3,2,6+3+2
1194,2,1,4,2+1+4
1195,2,2,3,2+2+3
1196,1,2,3,1+2+3
1197,6,2,3,6+2+3
1198,6,1,4,6+1+4
1199,6,1,4,6+1+4
1200,3,1,4,3+1+4
1201,4,1,4,4+1+4
1202,2,1,2,2+1+2
1203,4,1,4,4+1+4
1204,4,1,2,4+1+2
1205,3,1,4,3+1+4
1206,2,2,4,2+2+4
1207,3,2,4,3+2+4
1208,2,5,2,2+5+2
1209,3,1,4,3+1+4
1210,3,1,4,3+1+4
1211,6,3,3,6+3+3
1212,6,2,3,6+2+3
1213,2,4,1,2+4+1
1214,3,1,4,3+1+4
1215,2,1,4,2+1+4
1216,2,4,1,2+4+1
1217,2,3,2,2+3+2
1218,2,1,1,2+1+1
1219,6,2,3,6+2+3
1220,6,3,2,6+3+2
1221,1,1,4,1+1+4
1222,6,3,2,6+3+2
1223,3,1,4,3+1+4
1224,6,1,4,6+1+4
1225,3,1,4,3+1+4
1226,3,1,3,3+1+3
1227,6,1,3,6+1+3
1228,2,2,3,2+2+3
1229,3,1,2,3+1+2
1230,5,1,4,5+1+4
1231,3,1,4,3+1+4
1232,2,5,2,2+5+2
1233,2,3,2,2+3+2
1234,2,5,2,2+5+2
1235,1,1,2,1+1+2
1236,1,1,4,1+1+4
1237,4,3,2,4+3+2
1238,2,3,2,2+3+2
1239,2,4,4,2+4+4
1240,6,1,4,6+1+4
1241,4,1,4,4+1+4
1242,4,2,3,4+2+3
1243,2,1,4,2+1+4
1244,2,2,3,2+2+3
1245,3,1,4,3+1+4
1246,6,2,3,6+2+3
1247,6,1,3,6+1+3
1248,4,1,4,4+1+4
1249,2,5,2,2+5+2
1250,6,3,3,6+3+3
1251,1,4,1,1+4+1
1252,1,1,4,1+1+4
1253,6,1,4,6+1+4
1254,2,5,2,2+5+2
1255,2,1,2,2+1+2
1256,1,3,2,1+3+2
1257,2,2,3,2+2+3
1258,1,1,4,1+1+4
1259,4,3,2,4+3+2
1260,3,1,2,3+1+2
1261,3,1,4,3+1+4
1262,2,1,4,2+1+4
1263,1,1,4,1+1+4
1264,2,3,2,2+3+2
1265,4,2,2,4+2+2
1266,4,2,2,4+2+2
1267,6,2,3,6+2+3
1268,2,1,1,2+1+1
1269,2,1,3,2+1+3
1270,3,1,4,3+1+4
1271,3,1,1,3+1+1
1272,2,1,4,2+1+4
1273,6,1,4,6+1+4
1274,3,1,1,3+1+1
1275,2,2,3,2+2+3
1276,2,4,1,2+4+1
1277,4,3,2,4+3+2
1278,2,1,4,2+1+4
1279,6,3,2,6+3+2
1280,6,3,3,6+3+3
1281,3,1,1,3+1+1
1282,1,2,3,1+2+3
1283,3,1,4,3+1+4
1284,2,2,2,2+2+2
1285,2,1,4,2+1+4
1286,6,3,3,6+3+3
1287,3,1,3,3+1+3
1288,3,1,4,3+1+4
1289,6,3,2,6+3+2
1290,4,2,2,4+2+2
1291,3,1,3,3+1+3
1292,6,2,3,6+2+3
1293,4,2,3,4+2+3
1294,6,1,3,6+1+3
1295,2,1,1,2+1+1
1296,2,3,2,2+3+2
1297,1,5,2,1+5+2
1298,1,4,1,1+4+1
1299,4,3,2,4+3+2
1300,1,5,2,1+5+2
1301,6,2,3,6+2+3
1302,3,1,2,3+1+2
1303,2,3,2,2+3+2
1304,6,2,3,6+2+3
1305,2,2,3,2+2+3
1306,3,1,4,3+1+4
1307,2,4,1,2+4+1
1308,4,3,2,4+3+2
1309,4,1,4,4+1+4
1310,1,1,2,1+1+2
1311,3,1,3,3+1+3
1312,2,2,3,2+2+3
1313,1,1,3,1+1+3
1314,2,1,4,2+1+4
1315,5,1,4,5+1+4
1316,2,5,1,2+5+1
1317,1,1,4,1+1+4
1318,6,1,3,6+1+3
1319,4,3,2,4+3+2
1320,6,3,2,6+3+2
1321,3,1,4,3+1+4
1322,2,1,4,2+1+4
1323,2,3,2,2+3+2
1324,3,1,4,3+1+4
1325,1,1,4,1+1+4
1326,2,3,2,2+3+2
1327,3,2,4,3+2+4
1328,4,1,4,4+1+4
1329,1,1,4,1+1+4
1330,4,2,3,4+2+3
1331,6,3,3,6+3+3
1332,6,3,3,6+3+3
1333,6,3,3,6+3+3
1334,3,1,2,3+1+2
1335,3,1,4,3+1+4
1336,3,1,4,3+1+4
1337,6,3,3,6+3+3
1338,1,3,3,1+3+3
1339,3,1,2,3+1+2
1340,2,3,2,2+3+2
1341,1,3,2,1+3+2
1342,1,3,2,1+3+2
1343,6,1,4,6+1+4
1344,3,1,3,3+1+3
1345,2,2,4,2+2+4
1346,5,5,4,5+5+4
1347,4,5,2,4+5+2
1348,1,5,1,1+5+1
1349,6,1,4,6+1+4
1350,6,2,3,6+2+3
1351,4,3,2,4+3+2
1352,4,3,2,4+3+2
1353,4,3,2,4+3+2
1354,3,1,4,3+1+4
1355,4,1,4,4+1+4
1356,5,1,4,5+1+4
1357,2,2,4,2+2+4
1358,2,3,3,2+3+3
1359,4,1,4,4+1+4
1360,3,1,2,3+1+2
1361,2,3,2,2+3+2
1362,6,5,3,6+5+3
1363,2,5,1,2+5+1
1364,1,2,2,1+2+2
1365,6,3,3,6+3+3
1366,2,4,1,2+4+1
1367,3,1,2,3+1+2
1368,2,4,1,2+4+1
1369,6,1,2,6+1+2
1370,4,5,2,4+5+2
1371,3,1,4,3+1+4
1372,4,3,2,4+3+2
1373,4,5,2,4+5+2
1374,3,2,4,3+2+4
1375,2,1,4,2+1+4
1376,3,1,3,3+1+3
1377,6,1,4,6+1+4
1378,6,2,3,6+2+3
1379,4,3,2,4+3+2
1380,2,1,4,2+1+4
1381,4,3,2,4+3+2
1382,3,1,4,3+1+4
1383,2,1,4,2+1+4
1384,3,1,4,3+1+4
1385,2,3,2,2+3+2
1386,4,3,2,4+3+2
1387,2,5,2,2+5+2
1388,1,3,2,1+3+2
1389,6,3,2,6+3+2
1390,3,1,2,3+1+2
1391,2,3,3,2+3+3
1392,3,1,1,3+1+1
1393,4,3,2,4+3+2
1394,4,3,2,4+3+2
1395,3,1,4,3+1+4
1396,2,1,1,2+1+1
1397,2,2,2,2+2+2
1398,3,3,4,3+3+4
1399,2,1,1,2+1+1
1400,2,5,2,2+5+2
1401,2,1,2,2+1+2
1402,4,1,4,4+1+4
1403,4,3,2,4+3+2
1404,4,5,2,4+5+2
1405,4,1,2,4+1+2
1406,3,1,4,3+1+4
1407,2,2,3,2+2+3
1408,2,1,2,2+1+2
1409,2,3,1,2+3+1
1410,6,2,4,6+2+4
1411,4,1,4,4+1+4
1412,6,3,2,6+3+2
1413,2,3,2,2+3+2
1414,2,1,4,2+1+4
1415,2,1,4,2+1+4
1416,4,5,2,4+5+2
1417,1,1,2,1+1+2
1418,3,1,1,3+1+1
1419,6,3,2,6+3+2
1420,3,1,1,3+1+1
1421,3,1,2,3+1+2
1422,2,1,2,2+1+2
1423,2,1,4,2+1+4
1424,6,2,2,6+2+2
1425,1,2,3,1+2+3
1426,2,1,4,2+1+4
1427,1,3,3,1+3+3
1428,2,5,2,2+5+2
1429,4,1,2,4+1+2
1430,2,1,2,2+1+2
1431,4,2,3,4+2+3
1432,6,1,4,6+1+4
1433,6,3,2,6+3+2
1434,3,1,3,3+1+3
1435,3,1,4,3+1+4
1436,1,1,4,1+1+4
1437,4,2,2,4+2+2
1438,3,1,4,3+1+4
1439,4,3,2,4+3+2
1440,4,3,2,4+3+2
1441,3,1,4,3+1+4
1442,2,3,2,2+3+2
1443,6,2,3,6+2+3
1444,1,3,2,1+3+2
1445,4,2,3,4+2+3
1446,2,3,2,2+3+2
1447,4,1,4,4+1+4
1448,6,1,3,6+1+3
1449,3,1,4,3+1+4
1450,2,2,3,2+2+3
1451,1,4,1,1+4+1
1452,1,1,4,1+1+4
1453,2,3,2,2+3+2
1454,4,1,2,4+1+2
1455,1,3,2,1+3+2
1456,2,1,2,2+1+2
1457,2,3,1,2+3+1
1458,3,1,4,3+1+4
1459,3,1,4,3+1+4
1460,2,2,2,2+2+2
1461,1,1,4,1+1+4
1462,3,1,4,3+1+4
1463,2,5,2,2+5+2
1464,2,1,4,2+1+4
1465,2,2,3,2+2+3
1466,2,4,1,2+4+1
1467,2,1,4,2+1+4
1468,3,1,4,3+1+4
1469,3,1,4,3+1+4
1470,6,2,3,6+2+3
1471,2,4,1,2+4+1
1472,6,1,2,6+1+2
1473,3,1,1,3+1+1
1474,3,1,4,3+1+4
1475,3,1,4,3+1+4
1476,2,3,3,2+3+3
1477,2,1,4,2+1+4
1478,3,1,4,3+1+4
1479,2,3,2,2+3+2
1480,3,1,4,3+1+4
1481,2,1,2,2+1+2
1482,4,1,3,4+1+3
1483,6,2,3,6+2+3
1484,4,3,2,4+3+2
1485,6,2,3,6+2+3
1486,2,1,4,2+1+4
1487,2,1,4,2+1+4
1488,3,1,4,3+1+4
1489,2,1,3,2+1+3
1490,3,1,2,3+1+2
1491,6,1,2,6+1+2
1492,1,3,2,1+3+2
1493,6,1,4,6+1+4
1494,3,1,4,3+1+4
1495,2,1,4,2+1+4
1496,2,3,2,2+3+2
1497,1,1,1,1+1+1
1498,3,1,2,3+1+2
1499,4,1,4,4+1+4
1500,3,1,4,3+1+4
1501,2,1,4,2+1+4
1502,6,2,3,6+2+3
1503,4,2,4,4+2+4
1504,6,1,4,6+1+4
1505,2,1,1,2+1+1
1506,3,2,4,3+2+4
1507,2,2,3,2+2+3
1508,2,4,1,2+4+1
1509,3,1,2,3+1+2
1510,2,5,2,2+5+2
1511,3,1,4,3+1+4
1512,2,1,2,2+1+2
1513,2,1,4,2+1+4
1514,2,1,4,2+1+4
1515,6,2,3,6+2+3
1516,6,3,2,6+3+2
1517,2,1,4,2+1+4
1518,6,1,3,6+1+3
1519,6,1,4,6+1+4
1520,4,1,2,4+1+2
1521,6,2,3,6+2+3
1522,3,1,2,3+1+2
1523,3,1,4,3+1+4
1524,2,5,1,2+5+1
1525,1,3,2,1+3+2
1526,2,1,4,2+1+4
1527,2,3,2,2+3+2
1528,6,1,4,6+1+4
1529,3,1,4,3+1+4
1530,3,1,4,3+1+4
1531,3,1,1,3+1+1
1532,6,1,3,6+1+3
1533,2,4,1,2+4+1
1534,1,1,2,1+1+2
1535,1,3,2,1+3+2
1536,5,1,4,5+1+4
1537,1,5,4,1+5+4
1538,2,2,3,2+2+3
1539,6,3,2,6+3+2
1540,3,1,4,3+1+4
1541,6,3,2,6+3+2
1542,6,3,2,6+3+2
1543,2,1,3,2+1+3
1544,6,1,4,6+1+4
1545,1,2,3,1+2+3
1546,1,1,4,1+1+4
1547,4,1,2,4+1+2
1548,1,1,4,1+1+4
1549,1,2,3,1+2+3
1550,3,1,2,3+1+2
1551,2,5,2,2+5+2
1552,1,1,4,1+1+4
1553,3,1,4,3+1+4
1554,1,3,2,1+3+2
1555,1,2,4,1+2+4
1556,2,1,2,2+1+2
1557,1,2,3,1+2+3
1558,5,1,4,5+1+4
1559,2,4,1,2+4+1
1560,3,1,1,3+1+1
1561,6,2,2,6+2+2
1562,2,2,2,2+2+2
1563,6,3,3,6+3+3
1564,5,1,4,5+1+4
1565,1,1,4,1+1+4
1566,3,1,4,3+1+4
1567,2,4,1,2+4+1
1568,4,3,2,4+3+2
1569,1,1,1,1+1+1
1570,2,4,2,2+4+2
1571,3,1,4,3+1+4
1572,6,1,4,6+1+4
1573,3,1,4,3+1+4
1574,6,1,2,6+1+2
1575,2,3,2,2+3+2
1576,2,3,2,2+3+2
1577,2,1,4,2+1+4
1578,3,1,4,3+1+4
1579,6,3,3,6+3+3
1580,2,5,1,2+5+1
1581,1,4,1,1+4+1
1582,2,3,3,2+3+3
1583,1,1,2,1+1+2
1584,3,1,1,3+1+1
1585,6,2,3,6+2+3
1586,6,1,2,6+1+2
1587,2,5,1,2+5+1
1588,2,1,4,2+1+4
1589,2,1,4,2+1+4
1590,6,1,4,6+1+4
1591,3,2,4,3+2+4
1592,3,1,4,3+1+4
1593,6,3,3,6+3+3
1594,4,1,2,4+1+2
1595,6,2,3,6+2+3
1596,1,1,3,1+1+3
1597,2,3,2,2+3+2
1598,2,4,2,2+4+2
1599,6,3,2,6+3+2
1600,2,1,4,2+1+4
1601,2,4,1,2+4+1
1602,4,2,2,4+2+2
1603,6,2,3,6+2+3
1604,2,3,2,2+3+2
1605,1,1,4,1+1+4
1606,3,1,4,3+1+4
1607,3,1,4,3+1+4
1608,3,1,1,3+1+1
1609,3,1,4,3+1+4
1610,4,3,2,4+3+2
1611,3,1,1,3+1+1
1612,2,3,2,2+3+2
1613,3,1,4,3+1+4
1614,3,1,4,3+1+4
1615,4,3,2,4+3+2
1616,2,1,4,2+1+4
1617,6,1,3,6+1+3
1618,2,5,2,2+5+2
1619,2,1,4,2+1+4
1620,6,2,3,6+2+3
1621,2,1,2,2+1+2
1622,4,3,2,4+3+2
1623,6,2,4,6+2+4
1624,2,2,3,2+2+3
1625,3,1,4,3+1+4
1626,1,3,2,1+3+2
1627,6,2,2,6+2+2
1628,3,1,4,3+1+4
1629,6,1,4,6+1+4
1630,1,1,4,1+1+4
1631,4,3,2,4+3+2
1632,3,1,1,3+1+1
1633,3,1,4,3+1+4
1634,6,2,3,6+2+3
1635,4,2,2,4+2+2
1636,4,3,2,4+3+2
1637,2,1,2,2+1+2
1638,6,3,3,6+3+3
1639,3,1,4,3+1+4
1640,2,1,4,2+1+4
1641,3,1,3,3+1+3
1642,6,2,3,6+2+3
1643,2,2,3,2+2+3
1644,4,1,4,4+1+4
1645,2,1,3,2+1+3
1646,6,2,2,6+2+2
1647,3,1,4,3+1+4
1648,6,2,3,6+2+3
1649,3,1,4,3+1+4
1650,2,1,1,2+1+1
1651,3,1,1,3+1+1
1652,2,2,4,2+2+4
1653,4,2,2,4+2+2
1654,2,3,2,2+3+2
1655,2,1,2,2+1+2
1656,2,5,2,2+5+2
1657,6,3,2,6+3+2
1658,2,3,3,2+3+3
1659,2,5,1,2+5+1
1660,3,1,1,3+1+1
1661,2,1,4,2+1+4
1662,4,1,4,4+1+4
1663,2,1,4,2+1+4
1664,6,2,4,6+2+4
1665,3,1,4,3+1+4
1666,1,4,1,1+4+1
1667,2,5,1,2+5+1
1668,2,2,3,2+2+3
1669,3,1,3,3+1+3
1670,6,3,3,6+3+3
1671,2,1,4,2+1+4
1672,3,1,2,3+1+2
1673,1,5,2,1+5+2
1674,2,1,4,2+1+4
1675,1,4,1,1+4+1
1676,3,1,4,3+1+4
1677,1,3,3,1+3+3
1678,6,2,3,6+2+3
1679,2,2,3,2+2+3
1680,1,5,1,1+5+1
1681,3,1,2,3+1+2
1682,6,3,2,6+3+2
1683,4,5,2,4+5+2
1684,3,1,4,3+1+4
1685,6,3,3,6+3+3
1686,6,3,3,6+3+3
1687,3,1,4,3+1+4
1688,2,1,4,2+1+4
1689,1,3,2,1+3+2
1690,4,1,4,4+1+4
1691,6,1,3,6+1+3
1692,2,1,4,2+1+4
1693,2,4,1,2+4+1
1694,4,2,4,4+2+4
1695,2,3,2,2+3+2
1696,2,1,4,2+1+4
1697,2,3,2,2+3+2
1698,6,1,2,6+1+2
1699,6,1,2,6+1+2
1700,2,3,2,2+3+2
1701,3,1,1,3+1+1
1702,6,3,2,6+3+2
1703,2,1,2,2+1+2
1704,3,1,2,3+1+2
1705,2,5,1,2+5+1
1706,4,2,3,4+2+3
1707,2,3,2,2+3+2
1708,2,3,3,2+3+3
1709,2,5,2,2+5+2
1710,6,3,3,6+3+3
1711,4,1,4,4+1+4
1712,2,5,2,2+5+2
1713,4,1,3,4+1+3
1714,1,3,2,1+3+2
1715,3,1,4,3+1+4
1716,3,1,3,3+1+3
1717,2,3,3,2+3+3
1718,6,2,3,6+2+3
1719,2,4,1,2+4+1
1720,3,1,2,3+1+2
1721,3,1,4,3+1+4
1722,3,1,4,3+1+4
1723,1,1,4,1+1+4
1724,2,3,2,2+3+2
1725,1,1,3,1+1+3
1726,2,3,2,2+3+2
1727,3,1,3,3+1+3
1728,3,1,4,3+1+4
1729,1,2,3,1+2+3
1730,5,1,4,5+1+4
1731,3,1,3,3+1+3
1732,3,1,3,3+1+3
1733,2,1,1,2+1+1
1734,2,5,2,2+5+2
1735,1,1,4,1+1+4
1736,3,1,4,3+1+4
1737,4,3,2,4+3+2
1738,2,1,4,2+1+4
1739,3,1,4,3+1+4
1740,3,1,4,3+1+4
1741,2,1,2,2+1+2
1742,3,1,2,3+1+2
1743,2,3,3,2+3+3
1744,2,4,1,2+4+1
1745,6,2,3,6+2+3
1746,2,5,2,2+5+2
1747,4,2,2,4+2+2
1748,2,4,1,2+4+1
1749,3,1,3,3+1+3
1750,3,1,3,3+1+3
1751,1,3,2,1+3+2
1752,3,1,4,3+1+4
1753,3,1,4,3+1+4
1754,3,1,4,3+1+4
1755,3,1,1,3+1+1
1756,3,3,4,3+3+4
1757,3,1,4,3+1+4
1758,3,1,2,3+1+2
1759,6,3,2,6+3+2
1760,4,3,3,4+3+3
1761,6,2,2,6+2+2
1762,4,1,4,4+1+4
1763,6,2,2,6+2+2
1764,3,1,2,3+1+2
1765,2,5,1,2+5+1
1766,3,1,3,3+1+3
1767,2,1,4,2+1+4
1768,5,5,4,5+5+4
1769,2,1,4,2+1+4
1770,2,1,3,2+1+3
1771,1,3,2,1+3+2
1772,6,3,2,6+3+2
1773,3,1,4,3+1+4
1774,3,1,4,3+1+4
1775,6,3,2,6+3+2
1776,4,3,2,4+3+2
1777,6,3,3,6+3+3
1778,6,2,3,6+2+3
1779,3,1,1,3+1+1
1780,3,1,2,3+1+2
1781,3,2,4,3+2+4
1782,4,3,2,4+3+2
1783,6,3,2,6+3+2
1784,2,2,3,2+2+3
1785,3,1,4,3+1+4
1786,3,1,2,3+1+2
1787,4,3,2,4+3+2
1788,6,3,3,6+3+3
1789,2,4,1,2+4+1
1790,3,1,2,3+1+2
1791,1,3,3,1+3+3
1792,1,3,2,1+3+2
1793,2,2,3,2+2+3
1794,6,2,3,6+2+3
1795,6,1,3,6+1+3
1796,3,1,4,3+1+4
1797,3,1,4,3+1+4
1798,3,1,4,3+1+4
1799,4,1,3,4+1+3
1800,2,4,1,2+4+1
1801,4,3,2,4+3+2
1802,6,3,2,6+3+2
1803,3,1,2,3+1+2
1804,6,3,2,6+3+2
1805,4,2,3,4+2+3
1806,2,4,1,2+4+1
1807,3,1,4,3+1+4
1808,3,1,4,3+1+4
1809,2,5,2,2+5+2
1810,3,1,3,3+1+3
1811,3,1,1,3+1+1
1812,3,1,2,3+1+2
1813,6,1,3,6+1+3
1814,2,3,1,2+3+1
1815,2,1,4,2+1+4
1816,2,1,4,2+1+4
1817,2,3,2,2+3+2
1818,2,1,2,2+1+2
1819,1,2,3,1+2+3
1820,3,1,2,3+1+2
1821,4,1,2,4+1+2
1822,1,4,1,1+4+1
1823,6,1,2,6+1+2
1824,5,1,4,5+1+4
1825,2,3,3,2+3+3
1826,2,3,2,2+3+2
1827,6,1,3,6+1+3
1828,2,3,2,2+3+2
1829,3,1,2,3+1+2
1830,6,1,4,6+1+4
1831,3,1,4,3+1+4
1832,4,1,2,4+1+2
1833,6,1,3,6+1+3
1834,2,5,2,2+5+2
1835,2,3,2,2+3+2
1836,2,4,1,2+4+1
1837,6,1,3,6+1+3
1838,3,1,4,3+1+4
1839,2,5,2,2+5+2
1840,3,1,1,3+1+1
1841,2,3,2,2+3+2
1842,2,1,1,2+1+1
1843,4,3,2,4+3+2
1844,6,1,4,6+1+4
1845,1,4,1,1+4+1
1846,6,3,2,6+3+2
1847,2,3,2,2+3+2
1848,2,4,1,2+4+1
1849,4,5,2,4+5+2
1850,2,2,3,2+2+3
1851,4,3,2,4+3+2
1852,6,2,3,6+2+3
1853,2,1,3,2+1+3
1854,2,1,4,2+1+4
1855,1,1,4,1+1+4
1856,6,1,2,6+1+2
1857,1,1,2,1+1+2
1858,3,1,4,3+1+4
1859,3,1,4,3+1+4
1860,6,2,3,6+2+3
1861,4,1,2,4+1+2
1862,3,1,3,3+1+3
1863,4,1,3,4+1+3
1864,4,1,3,4+1+3
1865,4,3,2,4+3+2
1866,2,2,4,2+2+4
1867,3,1,4,3+1+4
1868,3,1,4,3+1+4
1869,2,2,2,2+2+2
1870,3,2,4,3+2+4
1871,3,1,4,3+1+4
1872,3,1,3,3+1+3
1873,2,1,4,2+1+4
1874,1,4,1,1+4+1
1875,1,1,2,1+1+2
1876,3,1,4,3+1+4
1877,3,1,4,3+1+4
1878,1,2,3,1+2+3
1879,2,1,3,2+1+3
1880,1,3,4,1+3+4
1881,4,3,2,4+3+2
1882,2,3,2,2+3+2
1883,2,2,4,2+2+4
1884,2,3,3,2+3+3
1885,3,1,4,3+1+4
1886,4,5,2,4+5+2
1887,3,1,4,3+1+4
1888,3,1,4,3+1+4
1889,3,1,4,3+1+4
1890,2,5,4,2+5+4
1891,5,1,4,5+1+4
1892,2,5,1,2+5+1
1893,4,3,2,4+3+2
1894,6,1,3,6+1+3
1895,6,1,4,6+1+4
1896,1,2,3,1+2+3
1897,2,5,2,2+5+2
1898,6,2,3,6+2+3
1899,3,1,4,3+1+4
1900,6,2,3,6+2+3
1901,3,1,4,3+1+4
1902,6,1,4,6+1+4
1903,3,1,2,3+1+2
1904,6,2,4,6+2+4
1905,3,1,4,3+1+4
1906,6,1,4,6+1+4
1907,4,3,2,4+3+2
1908,4,3,2,4+3+2
1909,3,1,2,3+1+2
1910,3,1,4,3+1+4
1911,2,5,2,2+5+2
1912,4,3,2,4+3+2
1913,6,1,4,6+1+4
1914,2,1,3,2+1+3
1915,3,1,4,3+1+4
1916,4,1,2,4+1+2
1917,2,3,2,2+3+2
1918,2,4,1,2+4+1
1919,6,3,2,6+3+2
1920,3,1,2,3+1+2
1921,2,1,4,2+1+4
1922,6,3,2,6+3+2
1923,1,3,2,1+3+2
1924,3,1,3,3+1+3
1925,6,1,2,6+1+2
1926,2,1,4,2+1+4
1927,2,1,4,2+1+4
1928,6,2,4,6+2+4
1929,2,3,1,2+3+1
1930,3,1,2,3+1+2
1931,1,1,4,1+1+4
1932,3,1,4,3+1+4
1933,4,5,2,4+5+2
1934,1,1,3,1+1+3
1935,1,3,2,1+3+2
1936,2,4,1,2+4+1
1937,2,4,1,2+4+1
1938,3,1,2,3+1+2
1939,2,1,4,2+1+4
1940,6,1,2,6+1+2
1941,4,1,4,4+1+4
1942,2,1,4,2+1+4
1943,5,1,2,5+1+2
1944,2,1,2,2+1+2
1945,3,1,4,3+1+4
1946,2,3,2,2+3+2
1947,4,2,3,4+2+3
1948,1,2,3,1+2+3
1949,6,2,3,6+2+3
1950,3,1,4,3+1+4
1951,6,3,2,6+3+2
1952,1,3,3,1+3+3
1953,6,2,2,6+2+2
1954,4,3,2,4+3+2
1955,5,2,4,5+2+4
1956,2,3,2,2+3+2
1957,1,5,2,1+5+2
1958,6,2,4,6+2+4
1959,3,1,4,3+1+4
1960,2,5,2,2+5+2
1961,3,1,2,3+1+2
1962,4,2,3,4+2+3
1963,4,1,3,4+1+3
1964,6,2,4,6+2+4
1965,2,2,4,2+2+4
1966,3,2,4,3+2+4
1967,6,1,4,6+1+4
1968,3,1,4,3+1+4
1969,3,1,4,3+1+4
1970,4,1,2,4+1+2
1971,2,1,4,2+1+4
1972,6,3,3,6+3+3
1973,1,1,4,1+1+4
1974,3,1,2,3+1+2
1975,4,3,2,4+3+2
1976,2,3,2,2+3+2
1977,4,2,3,4+2+3
1978,3,1,4,3+1+4
1979,2,1,4,2+1+4
1980,3,1,2,3+1+2
1981,1,3,2,1+3+2
1982,2,1,4,2+1+4
1983,4,3,2,4+3+2
1984,2,3,2,2+3+2
1985,6,1,2,6+1+2
1986,4,3,2,4+3+2
1987,4,1,4,4+1+4
1988,4,1,2,4+1+2
1989,2,1,4,2+1+4
1990,1,3,3,1+3+3
1991,3,1,4,3+1+4
1992,2,1,4,2+1+4
1993,3,1,4,3+1+4
1994,3,2,4,3+2+4
1995,3,1,3,3+1+3
1996,2,3,2,2+3+2
1997,1,3,2,1+3+2
1998,3,1,4,3+1+4
1999,3,1,1,3+1+1
2000,2,4,1,2+4+1
